id,ref,xgb
0,7.873231947,8.46549
1,9.053908476,10.000915
2,9.33066441,7.710195
3,10.59193409,10.485785
4,7.605648109,7.6168704
5,7.460967449,6.954116
6,8.286245808,8.180572
7,10.42307477,10.447739
8,8.626841718,9.097017
9,9.660806215,10.394465
10,10.2069823,9.5073185
11,5.797142412,6.4293966
12,7.508419408,6.887193
13,7.605937214,9.644519
14,6.934177251,6.344373
15,10.53085369,9.2431135
16,9.087204935,9.447499
17,8.453314388,8.557498
18,9.123577539,9.332747
19,10.22035567,9.244804
