id,ref,xgb
0,1.111446268,1.4359702
1,3.464577,3.7635653
2,1.3859415,1.2369238
3,17.975672,18.391636
4,1.14069,1.1461107
5,0.85051553,1.2225088
6,0.239362187,0.37877512
7,1.32815625,1.2461612
8,0.469712,0.30318242
9,12.96786121,6.2489257
10,0.126762394,0.18824412
11,0.532196,0.35948986
12,35.24756124,44.304253
13,0.7161165,0.0530014
14,0.667054704,0.0020777113
15,1.57542,1.1959851
16,0.9243195,0.9971528
17,1.034323589,0.8179504
18,0.36834075,0.44040114
19,0.029929754,0.37798324
