id,ref,xgb
0,0.0,-0.00417194
1,0.710593,0.5622197
2,0.4214655,0.3553859
3,0.4135,0.48896313
4,0.280825,0.40991703
5,0.0,0.04573338
6,0.0,0.020105569
7,0.5204125,0.5090046
8,0.703824,0.7050152
9,0.078811698,0.0652682
10,0.0,0.044827327
11,0.979566,0.8823233
12,0.043188654,0.029912882
13,0.17094,0.19205363
14,0.0,0.25223598
15,0.77154,0.6447724
16,1.0467275,1.0433655
17,0.0,0.058046717
18,0.75600225,0.84262425
19,0.0,0.01053627
