id,ref,xgb
0,12.41191735,11.681425
1,11.63,10.868964
2,3.285,2.874452
3,33.08,37.153755
4,2.35,2.2421489
5,2.46998141,3.4856954
6,5.136787385,5.860793
7,3.875,3.818879
8,4.96,3.7712967
9,31.3217369,23.342241
10,12.2269632,10.056823
11,5.81,4.600032
12,48.91191691,55.17952
13,6.105,5.975744
14,9.342768065,6.0510144
15,7.7,5.5068946
16,6.955,7.266489
17,3.061537329,1.628262
18,4.155,5.064427
19,9.025877777,8.073366
