id,ref,xgb
0,9.950628365,10.110302
1,4.191452,3.5893943
2,1.1730735,0.9838955
3,6.983188,7.7017236
4,0.822265,0.6031405
5,1.61946588,2.2226324
6,4.726579985,5.39564
7,1.51125,1.8113747
8,2.399152,2.1522696
9,13.4200573,11.502513
10,11.92192235,8.690854
11,2.9622285,2.4771326
12,8.833861652,6.7452765
13,4.98625875,5.2599897
14,7.95171115,5.5367446
15,3.251325,2.3589334
16,3.378739,3.6744692
17,2.02721374,1.097887
18,2.1277755,2.6068883
19,8.915880135,7.8471704
