id,ref,xgb
0,1.349842716,1.4887092
1,3.264541,3.0052857
2,0.3045195,0.4431528
3,7.710948,7.809121
4,0.10622,-0.09324612
5,0.0,0.08096705
6,0.170845213,0.28887033
7,0.51518125,0.6114647
8,1.387312,0.92428476
9,4.855006685,4.8256497
10,0.178278457,0.08039388
11,1.3360095,0.890474
12,4.787305357,4.221122
13,0.23168475,0.4715059
14,0.724002211,-0.05310906
15,2.102485,1.1489832
16,1.60486625,1.597414
17,0.0,-0.16890758
18,0.90267375,1.2828074
19,0.080067889,0.05144218
