id,ref,xgb
0,11.30047108,11.296862
1,8.165423,6.3394365
2,1.8990585,1.8821064
3,15.104328,17.280836
4,1.20931,0.96831554
5,1.61946588,2.7406318
6,4.897425198,5.7576456
7,2.54684375,2.6907687
8,4.490288,4.6537204
9,18.35387569,14.615909
10,12.1002008,10.777524
11,5.277804,4.298402
12,13.66435566,11.357021
13,5.3888835,5.9230356
14,8.675713361,6.038673
15,6.12458,3.7142406
16,6.0306805,6.3889875
17,2.02721374,0.5071755
18,3.78665925,4.9872427
19,8.995948024,9.434535
